{
  "hash": "66f3f9d5",
  "configHash": "e39fdc86",
  "lockfileHash": "795468d7",
  "browserHash": "bfc70e08",
  "optimized": {
    "@angular/core": {
      "src": "../../../../../../node_modules/@angular/core/fesm2022/core.mjs",
      "file": "@angular_core.js",
      "fileHash": "e05c9013",
      "needsInterop": false
    },
    "@angular/platform-browser": {
      "src": "../../../../../../node_modules/@angular/platform-browser/fesm2022/platform-browser.mjs",
      "file": "@angular_platform-browser.js",
      "fileHash": "87e06642",
      "needsInterop": false
    },
    "@angular/router": {
      "src": "../../../../../../node_modules/@angular/router/fesm2022/router.mjs",
      "file": "@angular_router.js",
      "fileHash": "5e226163",
      "needsInterop": false
    }
  },
  "chunks": {
    "chunk-I24HARRT": {
      "file": "chunk-I24HARRT.js"
    },
    "chunk-WGQFXCG2": {
      "file": "chunk-WGQFXCG2.js"
    }
  }
}